user_id,cluster_km
3157,1
5415,4
8199,2
8215,2
10202,1
11636,2
13862,1
13983,2
15700,0
16053,1
16565,1
17262,2
18494,0
18715,0
22612,2
22918,5
23457,0
24148,5
24270,5
26301,0
32584,2
33203,1
33689,0
34911,1
37110,5
37617,2
38098,1
39383,2
39731,1
40869,1
47961,1
50400,2
50985,5
52103,5
52220,2
52701,0
53865,2
54405,2
56016,3
57426,1
58790,0
59122,1
61099,2
62625,1
63283,5
64771,0
65137,5
65309,2
67283,1
67991,3
68189,5
68381,2
68446,0
69132,3
76759,1
76872,1
77755,2
84626,3
85866,2
90630,5
91609,5
92152,1
93054,2
93939,1
94841,1
95113,2
95296,1
95950,2
95955,3
97152,0
97411,1
99012,4
100310,1
102238,1
103251,2
106240,0
109144,0
111697,1
113141,1
113239,1
113350,2
114515,0
115723,2
118363,0
119279,5
124714,2
129337,2
129452,1
130216,1
133022,1
137526,2
138816,0
143642,0
145408,0
145803,0
145990,5
148750,2
151866,0
152732,0
153269,0
154062,5
155697,5
156093,2
157163,0
157356,2
163414,1
166080,0
166238,0
166912,5
167451,0
171103,1
173473,5
175664,0
177996,3
179519,0
179873,1
183363,2
183837,2
194340,4
195981,3
196224,3
200873,1
201822,0
202333,2
205750,0
206728,3
207578,1
208206,2
209489,2
215848,3
217800,2
218539,1
218811,2
219289,5
226518,1
227421,1
227842,1
231254,4
232337,2
236694,5
241653,2
242125,2
242569,2
242887,0
243758,3
243875,1
244734,2
247238,1
248944,1
250815,2
251416,2
252132,4
253756,0
258040,1
264722,5
265057,2
265402,2
265446,1
266939,5
271069,1
271995,5
272749,5
273924,0
275722,2
276717,1
278366,3
281697,5
281833,1
282888,2
284527,1
285315,3
287836,2
289480,5
293275,0
293909,5
294054,2
294906,4
295293,1
295407,0
295792,1
300729,0
301358,0
302619,1
303761,2
306811,2
310422,2
311817,5
315042,2
321561,4
321569,2
321909,5
322691,1
323653,1
324368,4
324723,0
328649,2
332072,1
332753,1
333086,1
336768,2
337708,5
337972,2
338875,2
343566,0
344308,1
345413,1
345595,1
347183,2
348438,2
361016,1
361481,2
362917,2
364070,2
368894,2
369124,1
370655,1
370856,0
373233,2
375755,1
376405,2
376495,2
376825,4
377217,1
378654,2
380665,1
381062,2
390643,2
391187,2
392658,1
392713,3
393244,2
395729,0
398341,2
402586,0
404486,1
406222,5
407476,2
412511,0
416035,0
416706,1
417555,2
418740,2
422354,4
422568,2
426471,2
435301,0
437961,0
438980,1
442337,1
442871,2
442924,0
444969,2
445097,2
446218,1
449033,2
452905,2
454577,1
456264,4
460490,1
464750,2
467510,1
469427,2
469611,1
471349,4
472620,2
474814,4
480386,2
482055,4
482205,1
482400,5
483777,2
487003,2
488024,1
490572,1
491304,2
492271,2
492997,3
501112,2
503165,2
507072,1
517439,2
517899,1
518679,0
520985,2
521747,1
526018,1
526470,2
531096,0
537782,2
539539,1
540191,2
542754,5
545038,2
545686,2
545819,1
549061,1
550055,2
550880,0
551467,2
551992,1
552409,2
552671,2
555341,0
560175,2
565055,0
565661,5
568423,1
570873,5
570964,0
580818,4
593221,1
594884,0
596021,1
597575,1
601685,1
607368,1
611149,2
611817,2
612733,0
613580,0
614392,0
614458,2
617039,1
617854,2
618263,1
620844,2
622366,2
628258,2
631064,2
631190,3
632222,5
634228,0
635126,2
637320,0
638059,2
639385,1
639873,0
648662,2
651551,1
656171,2
656680,5
659956,0
660471,1
661025,1
665354,1
665367,4
668714,0
670803,0
675856,2
682848,5
683617,1
687236,0
688198,2
690997,1
691958,1
692284,1
705712,1
707153,2
707469,1
708566,2
710077,0
714310,5
715918,1
719198,3
723317,2
726721,1
730681,2
734795,3
737268,2
742936,4
744894,5
750924,1
756676,2
757632,3
760018,4
760205,1
765422,5
767333,1
774064,0
776139,2
779434,0
779848,0
781658,2
781749,5
782931,1
788165,2
788803,3
791098,1
799164,2
801710,2
801796,0
802240,2
802295,1
802619,1
806131,1
809055,2
810796,2
812458,0
818819,2
820395,0
820563,5
821242,0
821921,1
824618,1
827793,2
828626,2
831360,1
832154,2
836363,1
838992,0
844826,2
846552,2
854249,1
860094,1
862520,2
864674,3
869839,1
872306,2
872370,0
873112,2
879478,2
885167,2
894299,2
896929,1
907313,0
908721,2
911552,1
914636,2
932630,2
939185,1
939704,2
939867,2
942105,2
945248,1
950659,0
969199,2
972117,2
973631,5
975187,2
975454,1
976021,2
977515,2
981317,1
988290,1
988512,2
1005385,2
1005574,1
1007523,5
1010488,1
1011868,2
1024733,2
1025773,1
1027297,5
1027891,0
1039459,0
1039980,1
1044610,0
1052058,5
1063756,1
1063816,2
1071899,2
1077115,1
1083262,0
1084646,2
1085317,2
1085539,2
1088618,2
1089737,2
1091746,2
1094195,1
1099098,5
1106531,2
1108433,2
1110921,4
1113737,2
1115029,2
1124247,4
1124439,4
1125864,2
1126634,4
1135625,2
1137063,1
1138912,2
1144894,1
1148405,2
1151039,4
1161522,0
1162447,2
1163597,0
1165251,1
1168462,1
1188254,1
1193144,0
1198552,3
1204564,2
1205312,1
1212459,2
1221631,2
1226414,0
1241779,1
1244236,5
1247744,0
1248617,1
1261706,1
1262931,2
1284202,1
1293165,2
1295256,2
1295848,5
1300051,2
1304327,1
1304509,1
1318874,1
1320930,2
1326523,2
1327844,2
1329253,1
1332432,5
1334239,5
1335783,5
1348133,2
1348249,2
1351833,1
1354363,1
1358206,0
1366261,1
1370668,2
1374900,2
1377025,2
1380316,2
1391171,2
1400689,2
1408185,0
1408384,2
1409402,2
1413919,2
1417445,2
1420182,3
1421875,2
1423623,1
1426124,1
1431401,1
1437495,2
1437974,2
1442020,2
1443061,0
1445476,1
1450765,2
1454010,0
1455009,2
1457763,1
1459224,1
1461848,1
1463684,2
1467558,2
1471813,0
1473324,2
1474145,2
1481586,2
1491798,0
1514621,0
1521706,1
1527441,4
1528565,4
1530997,4
1550054,1
1557462,5
1562655,3
1564949,1
1586295,5
1599423,2
1600034,2
1600754,1
1600950,5
1602281,2
1603610,2
1609868,2
1610875,2
1625202,2
1630302,2
1631010,5
1632604,1
1635599,2
1636125,4
1637242,2
1654927,2
1664455,2
1665204,2
1666672,2
1667417,2
1667683,2
1681949,1
1684029,1
1684113,2
1687234,1
1690606,2
1691166,2
1694653,3
1707105,2
1707672,2
1709309,2
1712885,1
1720564,4
1722103,0
1722384,2
1723096,5
1732421,2
1741618,2
1756232,2
1758385,2
1772956,0
1784251,4
1785504,5
1786123,2
1796303,0
1797859,2
1808976,1
1810663,2
1810806,2
1814767,3
1817784,2
1820037,2
1822750,3
1838421,1
1856493,2
1866569,3
1874268,3
1875242,0
1875284,2
1879097,2
1880465,1
1880640,2
1880641,0
1887591,2
1894722,2
1897398,0
1898025,2
1910351,1
1912745,2
1918384,1
1923269,1
1923949,5
1927499,2
1927902,0
1928415,3
1928578,0
1931475,2
1940851,5
1942051,2
1945861,2
1948356,0
1948563,1
1949189,2
1952050,1
1957713,4
1968447,0
1970872,0
1972925,2
1973888,0
1976410,0
1980359,2
1985970,0
1989702,2
1993670,2
1995011,5
2005870,2
2006306,0
2009439,2
2016560,2
2024978,2
2029260,0
2030303,2
2035365,1
2036856,2
2038001,3
2041141,2
2041542,0
2046788,2
2050682,1
2053121,4
2058819,2
2067658,2
2072017,2
2075689,2
2079403,2
2085522,2
2086345,1
2087797,2
2101563,0
2106027,1
2107958,2
2111957,3
2115175,2
2117895,3
2118008,1
2131770,2
2139260,0
2141255,1
2144548,2
2148178,2
2148500,2
2149199,2
2153288,2
2158489,2
2158963,1
2159560,0
2160025,2
2160210,5
2168804,5
2174156,2
2180026,1
2198392,3
2203899,4
2204522,2
2210999,2
2213958,2
2221623,5
2230255,2
2234626,1
2238160,2
2249364,4
2249511,1
2255681,2
2261811,2
2266679,2
2272053,1
2272109,0
2273504,0
2277091,1
2277313,1
2283711,1
2289590,2
2290625,2
2290924,0
2291083,2
2306726,5
2306995,4
2319892,2
2324462,2
2326584,3
2328632,1
2334398,2
2336174,2
2341172,1
2341278,2
2349947,2
2351730,2
2353319,5
2382844,2
2382973,2
2402628,2
2407661,4
2410075,2
2416732,1
2421713,3
2426629,2
2430133,4
2438327,5
2442576,2
2449748,1
2450288,2
2450797,2
2456017,1
2456708,1
2457979,5
2459168,1
2462587,0
2463015,5
2478275,2
2480276,1
2485462,2
2486039,2
2487273,2
2491927,2
2507153,2
2508070,5
2517831,0
2525867,4
2529141,0
2529188,3
2533045,5
2539809,4
2546217,1
2550396,2
2555381,4
2560222,1
2565187,2
2571530,5
2577197,0
2580567,2
2583110,1
2603200,2
2603802,0
2604083,2
2604347,2
2605143,1
2607184,0
2611544,4
2611763,4
2618751,0
2621174,1
2623197,2
2624858,2
2636668,2
2642062,2
2645567,2
2646088,3
2666527,2
2667645,2
2671701,0
2674132,2
2678506,2
2680210,0
2682967,2
2683930,2
2686509,5
2691261,5
2712718,0
2712728,2
2713241,2
2715964,2
2724421,2
2727339,2
2730060,5
2739576,2
2743564,2
2759787,4
2768305,2
2769674,1
2774169,2
2776865,1
2783948,1
2795341,2
2795356,0
2816832,4
2822070,2
2822802,1
2823721,0
2824343,0
2829373,5
2834746,5
2836457,0
2847200,4
2847261,2
2854712,1
2861960,1
2863955,4
2864709,2
2866150,0
2869498,0
2876670,1
2877376,4
2881632,2
2882623,0
2885489,2
2903021,1
2906895,1
2908443,1
2911980,2
2920840,1
2921512,1
2927494,2
2931456,1
2932884,2
2934108,2
2935087,2
2939812,2
2942386,5
2944771,2
2954517,2
2955949,1
2958243,2
2965916,2
2972241,4
2976675,1
2982407,2
2985279,5
2998378,2
3021550,1
3021719,2
3031699,2
3045688,2
3062365,0
3076592,5
3079071,1
3083906,2
3086960,3
3096959,2
3104185,2
3116281,5
3118624,0
3123903,2
3134265,2
3146183,2
3146457,2
3150538,1
3150898,1
3168334,5
3173467,3
3175202,2
3175301,2
3175415,2
3178885,5
3178996,2
3182747,5
3204441,5
3214071,2
3240382,2
3241161,1
3241412,3
3249276,0
3262508,1
3273406,2
3279819,1
3339639,5
3354706,5
3355544,1
3395527,0
3419015,0
3442506,2
3442567,1
3503861,2
3508026,2
3520287,2
3533077,2
3548179,2
3552252,0
3559909,1
3586492,1
3588776,2
3622386,1
3623802,0
3645765,2
3657942,2
3660556,2
3691494,3
3715642,1
3723174,4
3725266,0
3743408,1
3770168,1
3778100,5
3782321,1
3799235,5
3829372,2
3833177,2
3838656,2
3840302,2
3843860,2
3853302,4
3858939,2
3863817,2
3864549,5
3874935,5
3885200,1
3913076,2
3924412,1
3924750,0
3933008,2
3936181,5
3939628,4
3949265,1
3955958,5
3960609,2
3961075,2
3963572,2
3964369,2
3971424,2
3974473,1
3979620,5
3985518,5
3987128,5
3998552,1
4002742,3
4020358,1
4037069,2
4078463,0
4102459,2
4109936,0
4139902,1
4141700,1
4160137,1
4167858,2
4187103,1
4220703,0
4222832,5
4229240,1
4232650,2
4254132,3
4258703,1
4258743,5
4271488,2
4277496,2
4282519,2
4286854,2
4302079,2
4309876,2
4323029,5
4326553,5
4360088,3
4380522,2
4388927,2
4395699,2
4464845,1
4491690,2
4506400,5
4514292,5
4535646,2
4549697,2
4550458,2
4563867,2
4582407,4
4593945,0
4598032,2
4606550,2
4621327,2
4627534,0
4643311,1
4651333,2
4651514,1
4654702,2
4657783,1
4663714,2
4675934,2
4683452,4
4685532,3
4692652,1
4694978,2
4698528,1
4699924,2
4713685,2
4720611,2
4724676,1
4727442,2
4727848,2
4729465,2
4740605,2
4749345,2
4750819,1
4756138,2
4798780,1
4823895,5
4848775,2
4848872,2
4858597,2
4880158,3
4908880,2
4912208,2
4912670,0
4948309,4
4969884,1
5000452,0
5023520,2
5033940,5
5046902,1
5054590,2
5057916,0
5060767,1
5074453,5
5084469,1
5084484,2
5100063,0
5119547,1
5142141,3
5154231,2
5162671,0
5165163,2
5171545,0
5173179,3
5187565,1
5207919,1
5211857,1
5244593,1
5250146,2
5263581,2
5282095,5
5317071,2
5326529,1
5327477,2
5328233,2
5346092,1
5350731,2
5357950,2
5372314,2
5391420,2
5418127,2
5420400,2
5428746,2
5481965,2
5496201,0
5499703,1
5516295,2
5534769,2
5544483,2
5558084,2
5573402,2
5577034,2
5588820,0
5616032,2
5628832,1
5637261,1
5638438,2
5645637,2
5652187,5
5666213,2
5676138,2
5676400,1
5681871,4
5706063,2
5717886,2
5723924,5
5828401,5
5828645,4
5830986,2
5832813,1
5833432,2
5857688,2
5898297,2
5919528,2
5938067,2
5956423,5
5963779,2
5971373,2
5974045,5
5981127,5
5991613,3
5997185,1
6024156,1
6027472,2
6032285,0
6053394,2
6097186,2
6104653,1
6107137,2
6138732,3
6142383,5
6148405,5
6150187,4
6154638,1
6188019,5
6207099,2
6247034,1
6254102,2
6260918,3
6284592,5
6293318,5
6331004,1
6346506,2
6361176,1
6376171,0
6379953,0
6398097,5
6433457,2
6443692,5
6454955,0
6455945,1
6459552,1
6462419,1
6468409,2
6468807,1
6480050,2
6491336,4
6494686,2
6508223,0
6513201,0
6521086,2
6540612,2
6543573,4
6559995,0
6568720,2
6591744,1
6599205,2
6609126,1
6620447,5
6627216,1
6637017,2
6646909,4
6651583,0
6674275,4
6684691,3
6695427,2
6696591,2
6700263,1
6704125,5
6734494,1
6756238,2
6797634,5
6806413,3
6851775,3
6866946,1
6913844,5
6925104,5
6936520,2
6938975,5
6975121,2
6982097,0
6983196,1
7008208,2
7010279,2
7029730,2
7036279,3
7052465,1
7079422,1
7107892,5
7131414,2
7160896,1
7174428,2
7195868,5
7202594,2
7230673,2
7233479,2
7338404,2
7350552,1
7372735,2
7394819,1
7400729,2
7402719,2
7424296,0
7424425,3
7430702,3
7433082,0
7437962,2
7464544,1
7470469,2
7475390,3
7484254,1
7494309,1
7517766,0
7525632,1
7544865,2
7547787,2
7586974,1
7608980,5
7640213,1
7643937,2
7657319,5
7661301,2
7682029,0
7747875,3
7752498,2
7754132,2
7768268,0
7792203,2
7797440,0
7811938,2
7826009,0
7855703,2
7866853,2
7870687,0
7893446,1
7901116,3
7919859,2
7929138,4
7937596,0
7951263,4
7953009,4
7959496,0
7966312,2
7986535,5
7996003,2
8025561,5
8029841,2
8049532,2
8059763,5
8069337,0
8096145,2
8100490,1
8106047,2
8109378,2
8145136,5
8146715,1
8147060,2
8174184,5
8195780,1
8235897,2
8260446,5
8305424,2
8319844,0
8335293,4
8335469,3
8343587,1
8348239,1
8352202,2
8357937,1
8387893,2
8410161,2
8436427,2
8450436,3
8454434,4
8460979,2
8469954,1
8482842,5
8488942,5
8505269,2
8610745,3
8624041,5
8653672,2
8664332,2
8674589,2
8686392,4
8691634,1
8697704,5
8704297,2
8704718,2
8707970,0
8715190,2
8745962,1
8746786,2
8775145,2
8777458,1
8832671,1
8834424,4
8869773,2
8919289,3
8970146,2
8985099,4
9003820,2
9023213,5
9037274,2
9041054,2
9057909,2
9072101,2
9132992,2
9134023,2
9182947,2
9212467,2
9213441,2
9248552,5
9264858,2
9302264,2
9322205,0
9374133,2
9381189,1
9387510,1
9394261,3
9407329,0
9437091,2
9453797,1
9495847,2
9546026,2
9553359,2
9565688,1
9671646,5
9680097,1
9692553,2
9721861,0
9735853,2
9751743,2
9760943,1
9791522,2
9804357,2
9825322,1
9828212,2
9870510,1
9883215,5
9928263,0
9958952,0
9989703,2
9994055,1
10009751,5
10030729,1
10099759,0
10119023,2
10150367,2
10156661,2
10169145,2
10176091,2
10192643,2
10200970,2
10288774,1
10289579,1
10306693,0
10315744,2
10324090,1
10330448,0
10332320,1
10339694,4
10362946,1
10392264,2
10454151,0
10457676,2
10471930,5
10481361,2
10481378,2
10490946,2
10515141,4
10519336,1
10522239,2
10567424,2
10571543,2
10596241,2
10638339,4
10720827,2
10726947,2
10727612,2
10781132,1
10791543,2
10845542,2
10846637,1
10849536,2
10856522,5
10859930,0
10884123,3
10905825,4
10922139,2
10930326,1
10938379,5
10942774,2
11012041,2
11081567,5
11087918,1
11109917,2
11121134,2
11127473,1
11133728,2
11162568,2
11177221,4
11202020,2
11210060,3
11210076,5
11219232,3
11261342,3
11293872,2
11295389,5
11320576,0
11365787,0
11395270,4
11404718,1
11410817,2
11420877,2
11426134,2
11437852,4
11438244,0
11442043,2
11457703,2
11468232,2
11468499,1
11477065,2
11536448,4
11536709,2
11550427,2
11564582,2
11565134,5
11585089,4
11595944,2
11639252,2
11660343,0
11661424,2
11726300,2
11732788,2
11734317,0
11739738,4
11745427,1
11757651,2
11759495,4
11759848,0
11767399,1
11784684,0
11794431,5
11802361,1
11806413,1
11815087,2
11817061,2
11831470,4
11861703,1
11869716,0
11884666,2
11890699,2
11894608,0
11895768,2
11904400,2
11911174,4
11928265,1
11930383,2
11934255,2
11944814,2
11972060,1
11995560,2
12005996,2
12011106,1
12021395,2
12045108,2
12047788,2
12050172,1
12054270,0
12058009,2
12060123,2
12063136,0
12063477,1
12063891,4
12064259,0
12068707,0
12092834,2
12094423,2
12098284,1
12128691,2
12142830,1
12163762,2
12167673,5
12172490,0
12178807,2
12187123,1
12188447,2
12194593,0
12208390,1
12214197,3
12224903,5
12239402,1
12240332,2
12247416,1
12248414,2
12254243,1
12256227,1
12275970,1
12283359,1
12292098,5
12292399,2
12294544,1
12298769,0
12303570,2
12312172,2
12316408,2
12317920,2
12323466,1
12323743,2
12327943,1
12330986,1
12341507,1
12341931,2
12342633,2
12348829,4
12351125,5
12353060,0
12359348,2
12366232,1
12373999,0
12374034,2
12385593,5
12387928,1
12391589,2
12404235,1
12412099,1
12421114,1
12433302,2
12454299,2
12458668,1
12459737,2
12465396,2
12468059,1
12475632,2
12488515,2
12489293,2
12495319,2
12522609,2
12524821,2
12528570,2
12534671,2
12538517,1
12548183,2
12556231,2
12560272,3
12568549,2
12569692,5
12589697,2
12590168,4
12605449,2
12607217,2
12618359,2
12637948,2
12639174,1
12640447,0
12650326,1
12653957,0
12654885,2
12661108,2
12666562,2
12675958,4
12691432,2
12692616,0
12693253,0
12703030,5
12703776,2
12707990,1
12708655,1
12720657,3
12725033,1
12725153,2
12726862,2
12733882,2
12734003,0
12734366,3
12736492,2
12738687,4
12738936,2
12743840,2
12757033,2
12759998,1
12761553,1
12769404,2
12777088,2
12782301,3
12791013,2
12798141,1
12820352,2
12835521,2
12835586,2
12839061,0
12856056,2
12857174,5
12863686,2
12866537,2
12879353,2
12880568,2
12881493,0
12881914,2
12887934,2
12890811,4
12891914,2
12898983,3
12900620,2
12903977,4
12906431,5
12906527,2
12910654,2
12912540,2
12920633,4
12922590,2
12925229,3
12929117,2
12929989,5
12951916,2
12952866,2
12957774,1
12958053,2
12967631,2
12967948,1
12968962,1
12984151,2
12986726,1
12991056,1
12997202,3
12998886,1
13001433,1
13002082,5
13031380,2
13033665,2
13036057,2
13040580,2
13041648,0
13045946,2
13046325,2
13048896,4
13054420,1
13057023,2
13057024,4
13061545,2
13074931,2
13079572,2
13080814,2
13081129,2
13082201,2
13083342,2
13092747,5
13105495,2
13107949,1
13109814,1
13111386,2
13111904,2
13112993,0
13119248,2
13120509,2
13122375,0
13122517,2
13124825,2
13132788,2
13133941,5
13135098,3
13136728,1
13137812,5
13139211,3
13139260,5
13153503,2
13170809,2
13173539,3
13179986,2
13184141,2
13185390,1
13190928,0
13196749,2
13197104,4
13199494,3
13209670,4
13219341,2
13221293,2
13221370,1
13222396,4
13223176,1
13231540,2
13234560,3
13237216,4
13237933,2
13239181,2
13242252,1
13242431,2
13253680,3
13255111,4
13258537,0
13259673,3
13265672,2
13284012,5
13285019,3
13289484,3
13290212,2
13297487,5
13299873,2
13303320,2
13306864,3
13308271,3
13313045,4
13319050,5
13322078,1
13334383,2
13343356,0
13347359,2
13355343,2
13356375,1
13363400,2
13371945,3
13382370,5
13385893,1
13388330,4
13388983,2
13392870,2
13394246,2
13395456,5
13399966,1
13402078,2
13404536,1
13412115,1
13419832,1
13430103,2
13430149,2
13435743,0
13441852,5
13443092,1
13444338,5
13451321,1
13457432,1
13458885,1
13462439,1
13467889,1
13477727,2
13498166,2
13503039,5
13509468,4
13511453,2
13534444,1
13539325,4
13539604,2
13539919,1
13550646,2
13551677,2
13551760,3
13559384,3
13564983,1
13572747,0
13573791,3
13616073,2
13636077,5
13641879,2
13652020,2
13665575,2
13666471,2
13668063,3
13668299,5
13684865,2
13686593,2
13694293,1
13697400,2
13703342,4
13706960,2
13708841,3
13710302,2
13710656,3
13710797,3
13713179,1
13716150,2
13716819,2
13722675,1
13727956,0
13730028,2
13730864,2
13734707,2
13735720,2
13737208,2
13737239,1
13737274,3
13738151,1
13744443,1
13746914,2
13748213,2
13755319,2
13755518,2
13756491,1
13758654,2
13759702,1
13771402,2
13773938,2
13773953,2
13775037,2
13777331,1
13789326,2
13795550,2
13797563,2
13797792,2
13798248,2
13800623,1
13801085,2
13802325,4
13803616,2
13804459,2
13804600,0
13807839,1
13808937,4
13817065,2
13817077,3
13819525,4
13825446,2
13826868,1
13828458,1
13830340,3
13830680,2
13831524,1
13836904,1
13838767,2
13840767,5
13844976,5
13847905,2
13849482,0
13850000,2
13857904,2
13859025,2
13859442,5
13861265,1
13862669,2
13867954,4
13867988,2
13875443,2
13877296,2
13881764,2
13882149,4
13883870,2
13884481,0
13887212,2
13888518,5
13888793,1
13889137,2
13891923,1
13894973,0
13895597,1
13895680,2
13895722,2
13896319,4
13897579,4
13907953,1
13908478,0
13913671,5
13914806,0
13915877,0
13915932,0
13917121,0
13917934,2
13917960,2
13919332,1
13922624,1
13923922,2
13924486,2
13924696,1
13925986,2
13927102,1
13929928,2
13931723,0
13932937,2
13935631,5
13937815,4
13937994,2
13942448,2
13943680,2
13943983,2
13946053,2
13948386,0
13949813,2
13954588,1
13957094,2
13957325,2
13958741,5
13959542,5
13967164,2
13967428,2
13968042,1
13971804,1
13972140,2
13974520,5
13976573,2
13982242,1
13985706,2
13988715,3
13990421,1
13992784,2
13994421,2
13997006,5
13997026,1
14001917,2
14007882,2
14010563,2
14014103,1
14015233,4
14015995,2
14017734,2
14020450,1
14022808,1
14029154,2
14031901,0
14033660,0
14034712,2
14036222,1
14037280,1
14041131,2
14045904,2
14046077,2
14050045,2
14050759,2
14062824,1
14065343,1
14072693,1
14082348,5
14084139,1
14087164,2
14087287,2
14087765,2
14088580,2
14089227,2
14091834,5
14093806,2
14098859,2
14105179,2
14106995,2
14111190,2
14112547,2
14113188,5
14114569,2
14115588,2
14117545,2
14119593,2
14119940,2
14120729,2
14121722,2
14124032,2
14127098,2
14129579,4
14130216,2
14132779,2
14135204,2
14135649,4
14137618,2
14143288,1
14144866,1
14145867,2
14146610,1
14147393,2
14147509,5
14147727,2
14149947,5
14150907,2
14151483,2
14152549,2
14154094,2
14154604,4
14155815,4
14159455,2
14159583,2
14159627,2
14160320,2
14160813,2
14162006,2
14164118,4
14164222,2
14164557,2
14166949,2
14166963,5
14167113,2
14167863,2
14170887,1
14172535,1
14175603,2
14176244,2
14179395,2
14179832,1
14180866,0
14182216,1
14182655,2
14185294,2
14186670,4
14192579,2
14192586,1
14193203,2
14193575,2
14193798,2
14193847,2
14194566,4
14194987,1
14195209,2
14198457,2
14198660,2
14200281,2
14200310,4
14200447,2
14202147,2
14202481,1
14202635,2
14203698,2
14203741,2
14204131,2
14204327,2
14204875,2
14205574,1
14207229,1
14207955,0
14208656,1
14209346,3
14210508,1
14212765,1
14214097,2
14219417,2
14219484,2
14224540,2
14227892,2
14229314,2
14232007,2
14232493,2
14232878,2
14233931,2
14239174,2
14239316,2
14239720,2
14240172,2
14240242,2
14240389,2
14241158,0
14243804,2
14244979,1
14245626,5
14245663,2
14246397,1
14246899,5
14249064,2
14250001,2
14251340,2
14252366,2
14253877,1
14254206,0
14256677,2
14257147,1
14260539,2
14263051,5
14263120,2
14263535,0
14264270,5
14266118,1
14266921,2
14268543,1
14268939,1
14269096,2
14269141,1
14272023,4
14274597,0
14275166,5
14275639,1
14275883,1
14276219,2
14277085,0
14278970,0
14279412,5
14279824,5
14280969,5
14283000,4
14283589,2
14285982,0
14292663,1
14293816,2
14294627,2
14296087,1
14296663,1
14297071,5
14298792,2
14302144,2
14303578,0
14303918,2
14305671,2
14305938,4
14306652,1
14306659,5
14310095,5
14310333,1
14310838,2
14311997,2
14312143,1
14314126,0
14315000,1
14317129,2
14317677,5
14317810,2
14318258,1
14318372,2
14319173,2
14322011,4
14322956,2
14326171,1
14326431,2
14327194,2
14328277,4
14328617,2
14329209,2
14329389,1
14330670,2
14330878,0
14332140,1
14332160,0
14333957,1
14339920,2
14339985,5
14343533,1
14343717,2
14343855,2
14344737,5
14344819,1
14349908,2
14350150,4
14350313,1
14354032,1
14354749,0
14354901,2
14355056,4
14355324,0
14355656,2
14357599,1
14358721,4
14359020,2
14359275,4
14364362,2
14364543,2
14366958,2
14376075,2
14376237,2
14379651,1
14382332,4
14382823,0
14384554,2
14384727,1
14385518,0
14386501,2
14387777,2
14388273,1
14390137,5
14390232,2
14391622,2
14391972,2
14398725,1
14398898,2
14399082,2
14400601,2
14400862,2
14403141,2
14403741,2
14404388,2
14404450,1
14405121,2
14407785,1
14409969,2
14413013,2
14414018,2
14414226,2
14415841,2
14418064,2
14418300,2
14418710,1
14419746,0
14421312,2
14422231,1
14423154,2
14423324,1
14423948,2
14424781,1
14425807,2
14426099,2
14426908,1
14427194,5
14427477,2
14430926,1
14432349,2
14433020,1
14433130,2
14433259,2
14433849,2
14435990,5
14437209,5
14438881,2
14439789,2
14439856,2
14440446,4
14441144,0
14444109,2
14445426,2
14445661,2
14446422,1
14447791,2
14448668,1
14451531,2
14452639,1
14452847,2
14453833,2
14453879,1
14454387,2
14457016,2
14457869,2
14458468,1
14459000,2
14459008,0
14459193,0
14460489,0
14462248,0
14462281,2
14464857,2
14468099,0
14469133,2
14470817,2
14472137,1
14473809,2
14474053,1
14474850,2
14475264,2
14477828,2
14477895,1
14478142,1
14479382,1
14479607,2
14481321,1
14482103,2
14483118,4
14483144,1
14486098,2
14486280,2
14487982,2
14488493,2
14488593,5
14488997,1
14489080,4
14489468,2
14490055,3
14490283,2
14493665,0
14494326,1
14495256,0
14495395,2
14495868,2
14497023,2
14497298,1
14497688,2
14498471,1
14499939,2
14500502,1
14500671,1
14502782,2
14502971,2
14503705,1
14504275,4
14505030,4
14506120,2
14506428,2
14506438,4
14507892,2
14507934,2
14509745,5
14510451,0
14510804,2
14510916,1
14511141,1
14511480,4
14511868,2
14511962,1
14513127,1
14513160,2
14513346,2
14513556,1
14514505,2
14514934,2
14515347,2
14515544,2
14518801,2
14519542,2
14519594,2
14521455,0
14521729,1
14524878,5
14525229,0
14525572,4
14525573,2
14526456,2
14526664,1
14527099,2
14528851,2
14529646,2
14530725,2
14532040,4
14532380,1
14534053,1
14534468,0
14534585,5
14535472,2
14535969,1
14536977,0
14537140,0
14537340,5
14538002,5
14539510,0
14540563,5
14541260,1
14541730,2
14541759,1
14542817,1
14543499,3
14546780,2
14547051,2
14549050,2
14549862,2
14550724,2
14550972,1
14551306,2
14551621,5
14553269,2
14553543,5
14557795,0
14559246,0
14560993,1
14561841,5
14562117,2
14562189,0
14562442,2
14562545,2
14565711,0
14567063,1
14567359,2
14567615,5
14567784,2
14568048,0
14568239,2
14570967,0
14571912,0
14573403,2
14574123,2
14574172,2
14574553,2
14574837,2
14575009,2
14575103,5
14576478,1
14577767,1
14578122,0
14578723,2
14579062,5
14579851,4
14580331,2
14580539,2
14582211,2
14582749,0
14584887,2
14584944,2
14585109,2
14585707,5
14586299,4
14586367,2
14586766,2
14587221,2
14587853,2
14589960,5
14590099,0
14590626,1
14590971,5
14591243,5
14592722,0
14592845,2
14593172,1
14593190,2
14593764,5
14593861,2
14595024,2
14595048,5
14595364,1
14597785,2
14598170,1
14598491,5
14599141,2
14599406,4
14599622,1
14599945,5
14601419,2
14601715,2
14602235,1
14602270,1
14604837,0
14605052,2
14605404,2
14605964,2
14606086,1
14606144,2
14606836,2
14606981,2
14607002,1
14607992,1
14609833,1
14609882,1
14612537,2
14612661,2
14613173,2
14615062,2
14615969,1
14616076,2
14616163,2
14616866,1
14617276,2
14617845,2
14617936,2
14619948,1
14620276,2
14620837,2
14621152,2
14621263,3
14621302,2
14622779,2
14622907,2
14624553,5
14625300,2
14628381,1
14628411,0
14628564,2
14629895,2
14630678,2
14631240,2
14632007,1
14632402,2
14633262,4
14633366,1
14634977,2
14635890,2
14636520,0
14637060,5
14637263,0
14637474,0
14639211,5
14640595,4
14640946,2
14641754,2
14642586,2
14642976,2
14643144,1
14643163,1
14643462,2
14643507,2
14643756,4
14644423,5
14645506,2
14646711,1
14647052,0
14647477,1
14647713,2
14648147,2
14649159,0
14649758,2
14650529,2
14651518,2
14653479,2
14653513,2
14655284,1
14655384,4
14655557,2
14655869,2
14655962,4
14656540,2
14657285,2
14659057,1
14659583,2
14659669,2
14661251,0
14661670,4
14662648,2
14666372,4
14667652,2
14668814,4
14669056,2
14669673,2
14670412,4
14670624,0
14671396,4
14671892,1
14673192,2
14677247,2
14678131,4
14678166,2
14679432,2
14679546,2
14679974,2
14680242,2
14680280,2
14683420,2
14683477,2
14683491,0
14685560,2
14687306,2
14687700,2
14687954,2
14689592,0
14690085,5
14693541,1
14694520,5
14695052,1
14697270,4
14697415,1
14698345,5
14698745,2
14698882,1
14700380,4
14700758,2
14701190,2
14702403,2
14703263,2
14703265,2
14704286,2
14704976,2
14706637,1
14706726,4
14706763,1
14707043,2
14707434,2
14707758,2
14708448,2
14709608,5
14710857,2
14711014,2
14712414,1
14712684,5
14712865,4
14714130,0
14714684,5
14714832,2
14715065,1
14715424,2
14715665,5
14716361,0
14716444,2
14717307,2
14718579,1
14718621,2
14719208,1
14719489,2
14720463,2
14720885,0
14722486,2
14723159,2
14723788,2
14724115,0
14724523,2
14725097,2
14725403,1
14725509,2
14727366,1
14727811,2
14727820,2
14728715,2
14729649,2
14731593,5
14732019,2
14735089,2
14736221,2
14736613,5
14736748,5
14739114,2
14739150,2
14739957,5
14740306,0
14740396,2
14741290,2
14743890,0
14744190,4
14744367,2
14744593,2
14747849,4
14749202,2
14750774,1
14751334,2
14751969,5
14752061,1
14753523,2
14755017,4
14755909,2
14756099,5
14758118,2
14759069,2
14759646,2
14760424,2
14761619,2
14762030,4
14762217,0
14764916,2
14765391,1
14766292,2
14768236,2
14769001,2
14769015,2
14769281,5
14772549,2
14775779,1
14776831,2
14777748,2
14777817,2
14778398,2
14778717,2
14778951,2
14780232,1
14781742,4
14782122,5
14782405,2
14782448,2
14782758,2
14782791,0
14783486,1
14786893,4
14788275,2
14789324,2
14790286,2
14790307,2
14790698,2
14791185,0
14794913,2
14795445,1
14795625,2
14795851,2
14798598,2
14799081,2
14799171,2
14799647,5
14799924,1
14800135,2
14800447,2
14802607,2
14802733,4
14802796,2
14803181,2
14803798,2
14804112,4
14804967,2
14805767,1
14807391,2
14807840,0
14807865,1
14808465,1
14810841,2
14811167,5
14812822,5
14812917,2
14813180,0
14813382,5
14813392,1
14813407,2
14813507,2
14813700,2
14813937,2
14814119,4
14815694,5
14817311,2
14817650,1
14817736,1
14818101,5
14818193,2
14818673,2
14819141,4
14819362,1
14819551,2
14819686,0
14821196,2
14821260,1
14822935,4
14824021,2
14824086,4
14824149,2
14824411,2
14824590,1
14824985,2
14825944,1
14827910,2
14829955,2
14831365,2
14831946,0
14832410,2
14833976,1
14834881,2
14838873,0
14839731,3
14840896,2
14840947,2
14841017,2
14841307,2
14841689,2
14841711,2
14843189,2
14845524,2
14846385,2
14846682,2
14847082,2
14847465,2
14847510,2
14847997,1
14848992,2
14850126,2
14850577,2
14851609,2
14852107,2
14852312,0
14852625,1
14853973,2
14854130,1
14855104,2
14856701,2
14857487,2
14857701,2
14858492,1
14859019,1
14859850,2
14860273,1
14860446,1
14861103,2
14861534,2
14861818,2
14863199,2
14863635,5
14866025,2
14866211,2
14866787,4
14867807,2
14867917,1
14868536,4
14869254,2
14871166,4
14871175,2
14871407,1
14871710,2
14871847,2
14872035,2
14872815,2
14873198,5
14873958,0
14874060,0
14874099,2
14874784,2
14874887,0
14875554,5
14877725,1
14877813,2
14878981,0
14879752,2
14880087,2
14880577,2
14881759,2
14882102,1
14883455,2
14883657,3
14883726,4
14883823,2
14884155,1
14885362,2
14885646,2
14885665,0
14886261,1
14886337,1
14887874,2
14890160,2
14890930,4
14892133,2
14892317,1
14892384,1
14892673,4
14893171,1
14893705,1
14895114,1
14895686,2
14895794,1
14897655,2
14897672,1
14898460,2
14898519,2
14898877,2
14899773,2
14900448,2
14900712,2
14900891,2
14901001,5
14902252,2
14902498,2
14903251,2
14903411,2
14903506,1
14903609,1
14903633,2
14903712,5
14904086,2
14904437,1
14905596,4
14906392,4
14907645,2
14907698,1
14907705,2
14907819,0
14907960,4
14908369,1
14908719,4
14910105,3
14910694,2
14912358,2
14914170,2
14915124,2
14915608,2
14915663,2
14916012,2
14916370,5
14916546,2
14916862,1
14917769,2
14918821,1
14919217,1
14920763,2
14921694,1
14922793,5
14922895,2
14923052,4
14923838,2
14926087,2
14926352,2
14926590,2
14927225,0
14927916,2
14929564,2
14929785,1
14932757,2
14933232,2
14933311,0
14934299,2
14934975,2
14935181,1
14935220,1
14937208,2
14937990,4
14938091,2
14941664,0
14941980,2
14942752,2
14943711,2
14943739,2
14944264,5
14944369,0
14944412,5
14945057,5
14945072,5
14946989,1
14947199,2
14947835,2
14949146,2
14949175,5
14949657,2
14950553,2
14951219,1
14951276,5
14951464,2
14951862,0
14952160,2
14952301,2
14952394,1
14958064,2
14958544,5
14960251,2
14960888,2
14961294,2
14961905,2
14962246,2
14962363,3
14962937,2
14963458,1
14964975,0
14965151,1
14965439,2
14966495,4
14966542,4
14966561,2
14967230,2
14967722,2
14967800,2
14967980,2
14968086,1
14968464,1
14968699,2
14969104,2
14971057,4
14971099,2
14971119,4
14971197,2
14971211,2
14972245,1
14972834,2
14972952,2
14973076,1
14973285,1
14973640,2
14974178,4
14974802,2
14975780,1
14975829,2
14975868,2
14976478,2
14976588,2
14976868,2
14977157,2
14977939,5
14978312,2
14979283,1
14979801,1
14979851,2
14979985,2
14980372,2
14982479,5
14983180,5
14984826,4
14985756,2
14988154,1
14990105,1
14990474,4
14990643,2
14990764,1
14990977,2
14991873,2
14991875,2
14993038,2
14993128,5
14993548,4
14993654,1
14993780,4
14994547,2
14995455,0
14995720,5
14995836,2
14997119,5
14997252,1
14999146,1
14999208,2
14999646,1
14999881,1
14999975,5
15000110,1
15000146,0
15000499,2
15000612,1
15000740,4
15001544,1
15001963,1
15003061,5
15003416,5
15003764,2
15004088,1
15004152,2
15004169,5
15004365,2
15005263,1
15005870,0
15005991,1
15006028,5
15006048,2
15006052,1
15006131,2
15006171,2
15006224,1
15006387,5
15006933,2
15007352,2
15007499,5
15008885,2
15010308,5
15011261,2
15011566,2
15011774,5
15012020,2
15012987,5
15013476,4
15015419,2
15015447,2
15015538,0
15016012,2
15017006,4
15017082,2
15017775,2
15019516,5
15020453,2
15022062,4
15022212,4
15022401,5
15024530,1
15024738,5
15025276,0
15026953,5
15027471,2
15027812,4
15028924,2
15028956,4
15029477,5
15029554,5
15030165,2
15030263,1
15030500,2
15030822,2
15031080,2
15031424,4
15031536,1
15031941,5
15033333,2
15034263,5
15034849,5
15034989,2
15036043,1
15036702,5
15036935,0
15038349,0
15040246,1
15041218,4
15041434,2
15042638,2
15044938,2
15045189,0
15045282,2
15045363,2
15045463,1
15046222,2
15046486,2
15047318,0
15047366,2
15047859,2
15048170,2
15048178,0
15048548,5
15048974,4
15049170,2
15049401,0
15049470,1
15049612,5
15051752,5
15051903,0
15051933,2
15052141,2
15052143,1
15052987,2
15053139,2
15054149,1
15054377,2
15054778,4
15055038,2
15055139,1
15055289,2
15055340,4
15055559,2
15055604,1
15055748,2
15055904,2
15056165,0
15056253,2
15057461,2
15057769,2
15058026,2
15058632,0
15059007,2
15059467,2
15060125,2
15060396,0
15060516,0
15062525,1
15064299,2
15064478,3
15065320,2
15065960,1
15066357,2
15066490,5
15066755,2
15066839,2
15067040,1
15067199,0
15067697,2
15067972,5
15068094,5
15068772,2
15069106,2
15069505,5
15069538,5
15069853,5
15069872,5
15070115,1
15070428,2
15070478,0
15071447,5
15072449,2
15072698,2
15072878,2
15073244,2
15073416,5
15074593,0
15074851,2
15075555,1
15075995,1
15076339,2
15076453,2
15078728,1
15078996,2
15079843,2
15079944,2
15079991,2
15080958,1
15081186,5
15081211,2
15081221,2
15081462,2
15081779,2
15081893,2
15081898,2
15082194,2
15082474,1
15082681,2
15083523,2
15083827,2
15084102,1
15084273,4
15084653,0
15085445,2
15085520,5
15086064,2
15086125,2
15087628,4
15088104,1
15089222,5
15089290,1
15089499,2
15090699,2
15090861,2
15092222,2
15092706,2
15092908,2
15093130,0
15093574,2
15095281,2
15095566,2
15097988,2
15097989,2
15098120,1
15100096,5
15100424,0
15101796,2
15103641,1
15104360,1
15105100,1
15105289,5
15105904,4
15105950,2
15106069,0
15106625,5
15106787,2
15107399,2
15107434,5
15107493,5
15107507,0
15108016,2
15108934,2
15109259,2
15109613,1
15110499,0
15111006,1
15111878,2
15113482,0
15113554,5
15113609,1
15113895,2
15114082,1
15114403,0
15114704,1
15115281,1
15115617,2
15115678,5
15116254,1
15117004,2
15117366,4
15118079,5
15119257,4
15119829,2
15120021,2
15120195,2
15120822,2
15121178,2
15121797,0
15122960,2
15123458,2
15123642,1
15123726,2
15124194,2
15125140,2
15125303,5
15125368,2
15125424,0
15125608,1
15127392,5
15127469,2
15127678,5
15128843,1
15129022,4
15129792,0
15129844,2
15130314,2
15131389,2
15131604,2
15131707,1
15132285,2
15134304,5
15134362,2
15134564,5
15134950,1
15134993,5
15135317,2
15135474,2
15135758,1
15140653,2
15141385,1
15142358,2
15143027,5
15143579,2
15143713,2
15143895,1
15144038,5
15144166,4
15144849,2
15145447,1
15145867,2
15145943,1
15147962,5
15148460,5
15149319,1
15149504,2
15150051,2
15150991,2
15151100,4
15153100,2
15153298,2
15153575,2
15153646,2
15154413,2
15154542,2
15154995,2
15156841,1
15157775,2
15158983,5
15159009,4
15163909,5
15164155,2
15164512,4
15164817,1
15165572,5
15166474,1
15166578,5
15166585,2
15167223,0
15167571,2
15168189,1
15168445,2
15169888,2
15170146,2
15170565,1
15172273,2
15172594,2
15173089,4
15173554,0
15174205,0
15174681,2
15177757,2
15178313,1
15178529,1
15178632,2
15179247,1
15187228,2
15189698,1
15190535,1
15191367,1
15193242,4
15196835,1
15199079,2
15199648,5
15200191,5
15200774,2
15202698,5
15203508,0
15205771,2
15207105,5
15210877,0
15211183,5
15211674,5
15211932,2
15212209,2
15214015,2
15214476,5
15215652,0
15215731,1
15216416,0
15216765,1
15218519,2
15219750,1
15219999,0
15220008,5
15220335,5
15223510,0
15223920,2
15224112,2
15224673,2
15225924,1
15226082,0
15227527,2
15229138,5
15232362,2
15232553,2
15233218,2
15235447,1
15237472,2
15238586,0
15239971,5
15241666,2
15242594,5
15244728,5
15245020,0
15245613,1
15245654,2
15245891,2
15246702,1
15248281,1
15249071,2
15252080,0
15252667,2
15253621,0
15254884,1
15258149,1
15258642,2
15258865,2
15259219,0
15260226,1
15261103,0
15261241,1
15261420,0
15263116,2
15263681,2
15264092,5
15264943,2
15267246,1
15268235,5
15271206,2
15273681,2
15274844,2
15275330,1
15285233,2
15285696,2
15287298,1
15287404,2
15290304,5
15291007,5
15293310,5
15295369,1
15297820,5
15306317,2
15313916,2
15315588,5
15322002,2
15324164,2
15327691,2
15327755,2
15331176,0
15336999,2
15339693,5
15339750,2
15340729,2
15344216,5
15345564,2
15347118,2
15347251,5
15348737,5
15355044,1
15356098,2
15357017,2
15357440,5
15358169,2
15359598,2
15359757,1
15361190,0
15361376,5
15361947,0
15365669,2
15366131,2
15366754,0
15368633,5
15368887,5
15370453,2
15370953,5
15371872,1
15372301,2
15376016,1
15377407,2
15380910,2
15385116,5
15386835,5
15389677,2
15389778,5
15392280,0
15392713,0
15393336,0
15394228,0
15394250,0
15394540,0
15396151,2
15399717,0
15400287,2
15403260,0
15403411,1
15404248,2
15404476,1
15409023,2
15410435,0
15411687,1
15412973,5
15415038,1
15418495,2
15419723,2
15422639,1
15422737,5
15422891,2
15422893,5
15426062,1
15430545,2
15430737,0
15435824,0
15438524,1
15442449,5
15444710,2
15447427,2
15450852,2
15451141,0
15455110,1
15455254,5
15456246,5
15457133,1
15457960,5
15458130,2
15460036,5
15462766,2
15471128,2
15472260,0
15475577,2
15477473,0
15478713,0
15480466,2
15483477,5
15484309,2
15488981,0
15489035,0
15489241,0
15492401,2
15496690,5
15497831,1
15500790,2
15505235,5
15506240,5
15508727,2
15511490,5
15513469,5
15513830,0
15519987,1
15524841,5
15525357,0
15526381,0
15526563,2
15542357,5
15546376,2
15552461,2
15556909,0
15558773,1
15560262,2
15562554,2
15564516,1
15570545,1
15571009,5
15577779,5
15577863,1
15579587,0
15583037,0
15585160,1
15586594,0
15589460,0
15592328,0
15610499,0
15629755,5
15630621,0
15670209,0
15670819,0
15678529,0
15680869,0
15711066,0
15712673,0
15712863,0
15713906,2
15721281,0
15727963,0
15729507,0
15762093,0
15772862,0
15772921,0
15792449,0
15798154,0
15809958,0
15812568,0
15817220,0
15837303,0
15839762,0
15842869,0
15865623,0
15873141,5
15896548,1
15952614,1
15952684,1
15958953,2
15982701,1
15996270,2
16224921,2
16230604,1
16271708,2
16501153,1
16535210,2
